{
  "numbers" : {
    "один" : 1,
    "два" : 2,
    "три" : 3,
    "четыре" : 4,
    "пять" : 5,
    "шесть" : 6,
    "семь" : 7,
    "восемь" : 8,
    "девять" : 9,
    "десять" : 10,
    "одинадцать" : 11,
    "двенадцать" : 12,
    "тринадцать" : 13,
    "четырнадцать" : 14,
    "пятнадцать" : 15,
    "шестнадцать" : 16,
    "семнадцать" : 17,
    "восемнадцать" : 18,
    "девятнадцать" : 19,
    "двадцать" : 20,
    "тридцать" : 30,
    "сорок" : 40,
    "пятьдесят" : 50,
    "шестьдесят" : 60,
    "семьдесят" : 70,
    "восемьдесят" : 80,
    "девяносто" : 90
  },
  "words" : {
    "плюс" : "+",
    "разделить" : "/",
    "деленное на" : "/",
    "делить на" : "/",
    "минус" : "-",
    "вычесть" : "-",
    "отнять" : "-",
    "умножить" : "*",
    "умноженное на" : "*",
    "умножить на" : "*",
    "квадрат" : "^ 2",
    "в квадрате" : "^ 2",
    "степень" : "^"
  },
  "scales" : {
    "сто" : "* 100",
    "тысяч" : "* 1000",
    "миллион" : "* 1000000",
    "миллиард" : "* 1000000000",
    "триллион" : "* 1000000000000"
  }
}